{
  "01f246745389f16ce57879aa2829bbbc.jpg": {
    "x": 0.0,
    "y": 0.11572141200304031
  },
  "028c8d6453b6282ad156ea1b02e6d293.jpg": {
    "x": 0.6737483143806458,
    "y": 0.5908960700035095
  },
  "0ad6c10561d7db2120857d0a4cec259a.jpg": {
    "x": 0.69220370054245,
    "y": 0.1765940636396408
  },
  "0b297a66882c03cb121dad7efee38be0.jpg": {
    "x": 0.05131622031331062,
    "y": 0.03401642292737961
  },
  "1-1.jpg": {
    "x": 0.734029233455658,
    "y": 0.764958381652832
  },
  "2e3592ae09c76a0ab06487d40f9830ef.jpg": {
    "x": 0.010143470950424671,
    "y": 0.23182010650634766
  },
  "3-1.jpg": {
    "x": 0.8789097666740417,
    "y": 0.6289265751838684
  },
  "35062c0d5c015531337f680741ec3b6e.jpg": {
    "x": 0.5578397512435913,
    "y": 0.33281823992729187
  },
  "36102a9f0562b22a1280ae3ea52abc3c.jpg": {
    "x": 0.6437042355537415,
    "y": 0.42033255100250244
  },
  "3ff433915e34f758f8f13ec29cd4a2c5.jpg": {
    "x": 0.10025515407323837,
    "y": 0.10588498413562775
  },
  "4-1.jpg": {
    "x": 0.7628806233406067,
    "y": 0.38930872082710266
  },
  "45b24ed14afacbdd828726a0a8df04cf.jpg": {
    "x": 0.7653881311416626,
    "y": 0.4842967689037323
  },
  "4e160a48a883dceec69720eab45933e2.jpg": {
    "x": 0.7781103849411011,
    "y": 0.27573081851005554
  },
  "5-1.jpg": {
    "x": 0.5763854384422302,
    "y": 0.23945975303649902
  },
  "50a6317bc317a4d9628656e10a724de2.jpg": {
    "x": 0.18836191296577454,
    "y": 0.30480700731277466
  },
  "53683e3c3272b10f51e9de97448c90b2.jpg": {
    "x": 0.057369668036699295,
    "y": 0.15899041295051575
  },
  "5a47b8c3b640d9f07f538180a43c93a2.jpg": {
    "x": 0.765218198299408,
    "y": 0.6515008211135864
  },
  "60e22eb835d7ed4a0f244f47dd569723.jpg": {
    "x": 0.6696931719779968,
    "y": 0.5102388858795166
  },
  "6c79bb6b5770fd9c9dbe214f7678f804.jpg": {
    "x": 0.1248515248298645,
    "y": 0.19523976743221283
  },
  "6e710a5a9880a6817d756176782b883f.jpg": {
    "x": 0.6334444880485535,
    "y": 0.3326219916343689
  },
  "6ed1ad9c4d0b9b25839c45ded8e2db79.jpg": {
    "x": 0.6219365000724792,
    "y": 0.1655147671699524
  },
  "79258e699c40b4b54ec31017c5473a57.jpg": {
    "x": 0.9889223575592041,
    "y": 0.5596016049385071
  },
  "8c73d0773e43cf0f8d710c0a8332aed7.jpg": {
    "x": 0.6145880818367004,
    "y": 0.6618096828460693
  },
  "9096f9ba5a27d42552a6af06dfe99f30.jpg": {
    "x": 0.6058959364891052,
    "y": 0.5167987942695618
  },
  "91ecef216c64abaf6381af8f8dcecca9.jpg": {
    "x": 0.5815389156341553,
    "y": 0.41803455352783203
  },
  "938fa6f3edb09d8f78a39391efbad9d9.jpg": {
    "x": 0.5153402090072632,
    "y": 0.5279397368431091
  },
  "94d16ae9ba172ca49b238dab4d04ed80.jpg": {
    "x": 0.1610928624868393,
    "y": 0.09829630702733994
  },
  "9f42b0170246d1f23e1ed60c53ee0736.jpg": {
    "x": 0.6931135654449463,
    "y": 0.35494330525398254
  },
  "GetImage (1).jpeg": {
    "x": 0.4243272542953491,
    "y": 0.3909613788127899
  },
  "GetImage (2).jpeg": {
    "x": 0.3983701467514038,
    "y": 0.07070273160934448
  },
  "GetImage (3).jpeg": {
    "x": 0.43779656291007996,
    "y": 0.15046806633472443
  },
  "GetImage (4).jpeg": {
    "x": 0.2872875928878784,
    "y": 0.18767783045768738
  },
  "GetImage.jpeg": {
    "x": 0.3831809461116791,
    "y": 0.1590387523174286
  },
  "Screenshot 2025-03-18 143111.png": {
    "x": 0.1371869295835495,
    "y": 0.3609299063682556
  },
  "Screenshot 2025-03-18 143145.png": {
    "x": 0.48203903436660767,
    "y": 0.29012829065322876
  },
  "Screenshot 2025-03-18 144946.png": {
    "x": 0.06305593997240067,
    "y": 0.3421071469783783
  },
  "Screenshot 2025-03-18 145011.png": {
    "x": 0.8163072466850281,
    "y": 0.8781673908233643
  },
  "Screenshot 2025-03-18 145042.png": {
    "x": 0.5221537947654724,
    "y": 0.14407609403133392
  },
  "Screenshot 2025-03-18 145051.png": {
    "x": 0.8700751066207886,
    "y": 0.7989820837974548
  },
  "Screenshot 2025-03-18 145100.png": {
    "x": 0.7817385196685791,
    "y": 1.0
  },
  "Screenshot 2025-03-18 145111.png": {
    "x": 0.29851508140563965,
    "y": 0.3309973478317261
  },
  "Screenshot 2025-03-18 145127.png": {
    "x": 0.24080456793308258,
    "y": 0.3774586617946625
  },
  "Screenshot 2025-03-18 145136.png": {
    "x": 0.8083265423774719,
    "y": 0.7669680714607239
  },
  "Screenshot 2025-03-18 145358.png": {
    "x": 0.3296092450618744,
    "y": 0.06928988546133041
  },
  "Screenshot 2025-03-18 145407.png": {
    "x": 0.6748417615890503,
    "y": 0.9260947704315186
  },
  "Screenshot 2025-03-18 145416.png": {
    "x": 0.24608026444911957,
    "y": 0.2780900001525879
  },
  "Screenshot 2025-03-18 145429.png": {
    "x": 0.11775396764278412,
    "y": 0.0
  },
  "Screenshot 2025-03-18 145449.png": {
    "x": 0.9167566299438477,
    "y": 0.8749170899391174
  },
  "Screenshot 2025-03-18 145459.png": {
    "x": 0.8696634769439697,
    "y": 0.9370737075805664
  },
  "Screenshot 2025-03-18 150016.png": {
    "x": 0.2170182168483734,
    "y": 0.16909663379192352
  },
  "Screenshot 2025-03-18 150028.png": {
    "x": 0.30317389965057373,
    "y": 0.44785913825035095
  },
  "Screenshot 2025-03-18 150111.png": {
    "x": 0.7528173327445984,
    "y": 0.912787914276123
  },
  "Screenshot 2025-03-18 150123.png": {
    "x": 0.3539251983165741,
    "y": 0.3453388512134552
  },
  "Screenshot 2025-03-18 150146.png": {
    "x": 0.33745816349983215,
    "y": 0.2666699290275574
  },
  "Screenshot 2025-03-18 150635.png": {
    "x": 0.5170302391052246,
    "y": 0.40402570366859436
  },
  "Screenshot 2025-03-18 154239.png": {
    "x": 0.833009660243988,
    "y": 0.5045512914657593
  },
  "Screenshot 2025-03-18 154302.png": {
    "x": 0.7377943396568298,
    "y": 0.5653117299079895
  },
  "Screenshot 2025-03-18 160542.png": {
    "x": 0.6911978125572205,
    "y": 0.832583487033844
  },
  "Screenshot 2025-03-18 160558.png": {
    "x": 0.6286012530326843,
    "y": 0.7934293746948242
  },
  "Screenshot 2025-03-18 161409.png": {
    "x": 0.6863173842430115,
    "y": 0.6916888356208801
  },
  "Screenshot 2025-03-18 173138.png": {
    "x": 0.8559421896934509,
    "y": 0.7174085378646851
  },
  "Screenshot 2025-03-18 173150.png": {
    "x": 0.9350675940513611,
    "y": 0.6257480978965759
  },
  "Screenshot 2025-03-18 173201.png": {
    "x": 0.8237771391868591,
    "y": 0.6506545543670654
  },
  "Screenshot 2025-03-18 173213.png": {
    "x": 0.9110338687896729,
    "y": 0.7159535884857178
  },
  "Screenshot 2025-03-18 173225.png": {
    "x": 0.9623984694480896,
    "y": 0.7596401572227478
  },
  "Screenshot 2025-03-18 173555.png": {
    "x": 0.9138983488082886,
    "y": 0.5271865725517273
  },
  "b19c7aa350655ce72d6d7bd645b761e7.jpg": {
    "x": 1.0,
    "y": 0.6469535827636719
  },
  "bronze.png": {
    "x": 0.3621129095554352,
    "y": 0.4286845028400421
  },
  "c65699b441e061a704de49a48ce86764.jpg": {
    "x": 0.0755234882235527,
    "y": 0.24502326548099518
  },
  "d6eb269f6293ffdb52ab9788d0add3fa.jpg": {
    "x": 0.6430115103721619,
    "y": 0.2463877648115158
  },
  "d963ff85b6b4269044c5dd928b69b96b.jpg": {
    "x": 0.707747220993042,
    "y": 0.4359577000141144
  },
  "download.png": {
    "x": 0.9551301598548889,
    "y": 0.9953187108039856
  },
  "ed6ef38167273b1f53bd7098b27688c4.jpg": {
    "x": 0.4127510190010071,
    "y": 0.27196648716926575
  },
  "faba745c4844c806d99ca6e2e8e71b39.jpg": {
    "x": 0.16901147365570068,
    "y": 0.45412030816078186
  },
  "fae714e2e2e6bf5027ceba1042d1325b.jpg": {
    "x": 0.8260119557380676,
    "y": 0.38971641659736633
  },
  "fb400868a2c9cef656048e8870b233c8.jpg": {
    "x": 0.7076311707496643,
    "y": 0.2743934988975525
  },
  "sasdf.png": {
    "x": 0.8839700818061829,
    "y": 0.26007187366485596
  }
}